,state,25%,50%,75%,count,max,mean,min,std,pmt_var,var,method,year,filetype
0,AK,366.39,526.97,641.12,6124.0,5129.0,571.7610875244939,330.9,386.0724848923855,PER_DIEM,149051.96359098124,estimated_allowed_amount_C,2011,max
0,AK,306.24373119358074,417.36892127356253,507.68953068592054,6087.0,4629.061371841155,461.02180251636315,262.0782512276255,299.84093663356504,PER_DIEM_wage_adj,89904.58728129356,estimated_allowed_amount_C,2011,max
0,AL,171.95,184.06,192.17,217880.0,917.0,205.30652556453097,59.16,106.34371690540019,PER_DIEM,11308.986125255897,estimated_allowed_amount_C,2011,max
0,AL,209.93224932249325,234.19597989949747,257.5383807899226,199775.0,1277.1587743732591,258.9088187090817,74.96225757751712,132.59729831467573,PER_DIEM_wage_adj,17582.043520351108,estimated_allowed_amount_C,2011,max
0,AR,,,,,,,,,,,no_valid_method,2011,max
0,AZ,126.0,145.62,159.35,5964.0,866.0,153.57181589537225,11.06,66.49643260626873,PER_DIEM,4421.775549360038,estimated_allowed_amount_C,2011,max
0,AZ,127.91094007696536,149.7368915617365,170.11170939484046,6274.0,813.756812629205,156.8113025326296,12.160527762506872,65.16358379677777,PER_DIEM_wage_adj,4246.292653239678,estimated_allowed_amount_C,2011,max
0,CA,159.17,177.65,196.25,582063.0,895.25,199.1544196934009,23.71,84.95883648327428,PER_DIEM,7218.0038965917365,estimated_allowed_amount_C,2011,max
0,CA,125.5363552884214,139.45893888986166,152.94243222087812,564213.0,765.8466118017859,156.74341091741482,14.49798214504097,68.54015033432961,PER_DIEM_wage_adj,4697.752207852503,estimated_allowed_amount_C,2011,max
0,CO,166.2,179.9,192.77,149143.0,808.14,187.21475248586924,34.13,51.20426068069393,PER_DIEM,2621.8763118564584,estimated_allowed_amount_C,2011,max
0,CO,164.5176338869192,176.04030602724387,190.5116741182315,154708.0,847.953216374269,184.46559075423386,31.84362754245195,50.03133186371612,PER_DIEM_wage_adj,2503.134168057296,estimated_allowed_amount_C,2011,max
0,CT,212.67,229.4,240.77,192776.0,1837.0,257.58803964186416,118.52,167.02626019614075,PER_DIEM,27897.771595108912,estimated_allowed_amount_C,2011,max
0,CT,185.12375162831088,198.26118788322503,212.70516717325228,182986.0,2244.349419670128,228.5797050414394,94.46082728939189,150.16561779977235,PER_DIEM_wage_adj,22549.712769187303,estimated_allowed_amount_C,2011,max
0,DC,232.81,247.71,308.55,28851.0,1019.0,285.5259651311913,42.1,113.8396373073408,PER_DIEM,12959.463022266898,estimated_allowed_amount_C,2011,max
0,DC,210.78989088874383,244.1089918256131,260.0217983651226,1990.0,711.1716621253406,254.8010783205057,39.26140072740837,82.5627069653402,PER_DIEM_wage_adj,6816.600581444634,estimated_allowed_amount_C,2011,max
0,DE,192.68,209.81,241.98250000000002,30334.0,1088.75,237.1967188633217,66.48,132.01053719513786,PER_DIEM,17426.781930548877,estimated_allowed_amount_C,2011,max
0,DE,190.17013232514176,211.8045530260966,238.50083287062745,29621.0,1330.0794135613928,236.40677442333006,64.85822306238185,132.32664070849927,PER_DIEM_wage_adj,17510.339841196255,estimated_allowed_amount_C,2011,max
0,FL,,,,,,,,,,,no_valid_method,2011,max
0,GA,,,,,,,,,,,no_valid_method,2011,max
0,HI,221.515,240.4,292.59000000000003,115.0,1021.33,331.61530434782605,97.95,222.78069837225826,PER_DIEM,49631.23956723112,estimated_allowed_amount_C,2011,max
0,HI,195.13361337027436,215.67611046563587,320.1715971042988,79.0,912.798284028957,321.1148834015325,87.54133523996782,228.08680664388746,PER_DIEM_wage_adj,52023.591365006105,estimated_allowed_amount_C,2011,max
0,IA,135.48,150.16,164.3,131585.0,1777.0,159.39994695444008,112.68,84.53154314271319,PER_DIEM,7145.581786088381,estimated_allowed_amount_C,2011,max
0,IA,151.30105637310413,166.09713282621416,182.7618490345231,63898.0,2281.5153494448073,178.00788130217933,106.37213254035686,93.28503825165397,PER_DIEM_wage_adj,8702.098361612545,estimated_allowed_amount_C,2011,max
0,ID,,,,,,,,,,,no_valid_method,2011,max
0,IL,,,,,,,,,,,no_valid_method,2011,max
0,IN,144.48,154.2,160.39,303104.0,572.6,157.15544737119933,2.29,43.48111541661131,PER_DIEM,1890.6073978726736,estimated_allowed_amount_C,2011,max
0,IN,158.2609594706369,169.43153378619948,184.98754891497686,275857.0,673.102133237993,175.8079081106338,2.519167579408543,50.12208847736826,PER_DIEM_wage_adj,2512.2237533331318,estimated_allowed_amount_C,2011,max
0,KS,135.0,149.8,162.17,138057.0,750.0,154.82495802458405,24.16,44.56188801926245,PER_DIEM,1985.7618638412862,estimated_allowed_amount_C,2011,max
0,KS,157.33617341185314,174.7024182433279,194.69991229169275,133086.0,819.1925102399064,182.07965086129394,25.031081641110653,51.87828575053955,PER_DIEM_wage_adj,2691.356532414635,estimated_allowed_amount_C,2011,max
0,KY,158.13,169.58,184.75,145055.0,1401.0,185.68338126917374,20.71,79.94911504648202,PER_DIEM,6391.860996715617,estimated_allowed_amount_C,2011,max
0,KY,194.73818646232436,205.03192848020433,214.3933588761175,129653.0,1789.2720306513409,224.50239902545695,26.44955300127714,94.69856756328512,PER_DIEM_wage_adj,8967.818698538078,estimated_allowed_amount_C,2011,max
0,LA,107.45,119.65,131.42,192702.0,788.5,126.74591306784569,5.05,63.297525413915885,PER_DIEM,4006.576723525327,estimated_allowed_amount_B,2011,max
0,LA,122.99895141558895,139.17309812568908,154.81210978913887,5523.0,1022.4325726141079,159.3445734455092,56.08599779492833,108.68019659682948,PER_DIEM_wage_adj,11811.385132325506,estimated_allowed_amount_B,2011,max
0,MA,173.18,206.68,233.71,313181.0,3658.0,229.73678757651328,68.68,136.00939463933176,PER_DIEM,18498.55543015749,estimated_allowed_amount_C,2011,max
0,MA,158.56338539774794,187.39555555555555,209.57333333333335,301963.0,3108.1655195853514,206.72479769856162,58.356699804571335,117.00326530921468,PER_DIEM_wage_adj,13689.764093018479,estimated_allowed_amount_C,2011,max
0,MD,211.97,224.2,238.39,174203.0,2350.0,252.9514613984834,151.61,166.3543084935832,PER_DIEM,27673.755954378244,estimated_allowed_amount_C,2011,max
0,MD,212.08616991513568,225.77279375914188,243.09536784741144,167709.0,2871.1056811240073,252.77000813753108,141.3876713606267,158.41400810624145,PER_DIEM_wage_adj,25094.997964284332,estimated_allowed_amount_C,2011,max
0,ME,,,,,,,,,,,no_valid_method,2011,max
0,MI,158.45,179.35,195.8,268692.0,1567.5,195.09450969883733,101.13,108.24675338376342,PER_DIEM,11717.359618125298,estimated_allowed_amount_C,2011,max
0,MI,171.59642649058068,193.36060783167736,221.12215078901224,271405.0,1832.261835184103,214.74565054189833,87.96972860125261,118.2865179810679,PER_DIEM_wage_adj,13991.700336085501,estimated_allowed_amount_C,2011,max
0,MO,129.87,137.8,144.47,268046.0,2070.5,159.2489156338837,56.13,87.58009643806535,PER_DIEM,7670.273292100827,estimated_allowed_amount_C,2011,max
0,MO,150.90209020902088,159.92161985630307,175.21881123448728,270829.0,2277.777777777778,187.05931132053786,58.15375051802736,104.209926652353,PER_DIEM_wage_adj,10859.708812888794,estimated_allowed_amount_C,2011,max
0,MS,170.9,184.0,200.97,145056.0,738.0,197.34832692201633,47.61,72.81084397805809,PER_DIEM,5301.419000797118,estimated_allowed_amount_C,2011,max
0,MS,216.87664041994748,235.0,254.002624671916,145300.0,968.503937007874,251.51075362950266,62.48031496062992,92.20912720818188,PER_DIEM_wage_adj,8502.523140494668,estimated_allowed_amount_C,2011,max
0,MT,161.6,163.07,164.35,34983.0,849.0,168.85342251950945,31.45,43.06079495558497,PER_DIEM,1854.2320622069315,estimated_allowed_amount_C,2011,max
0,MT,188.16484677703414,190.5600563578725,192.96700716214627,32050.0,951.6870306019505,197.93082787624073,36.92614770459082,52.167707144471116,PER_DIEM_wage_adj,2721.469668711303,estimated_allowed_amount_C,2011,max
0,MN,,,,,,,,,,,no_valid_method,2011,max
0,NC,,,,,,,,,,,no_valid_method,2011,max
0,ND,,,,,,,,,,,no_valid_method,2011,max
0,NE,,,,,,,,,,,no_valid_method,2011,max
0,NH,,,,,,,,,,,no_valid_method,2011,max
0,NJ,192.03,202.68,216.0,287154.0,2229.5,220.52105236214715,143.84,123.36602096803979,PER_DIEM,15219.175129486834,estimated_allowed_amount_C,2011,max
0,NJ,174.49389179755673,187.95039985623146,203.55665024630545,150478.0,2723.885155772755,207.91828192345275,125.5148342059337,121.23270604771007,PER_DIEM_wage_adj,14697.369015650476,estimated_allowed_amount_C,2011,max
0,NM,146.55,158.17,216.9625,436.0,406.33,178.03876146788988,27.81,53.199113594101775,PER_DIEM,2830.1456871981445,estimated_allowed_amount_C,2011,max
0,NM,157.2863790186125,167.26945854483924,231.7047377326565,439.0,455.9869823813264,191.42988643305478,29.40989847715736,57.38891456155885,PER_DIEM_wage_adj,3293.4875145539013,estimated_allowed_amount_C,2011,max
0,NV,,,,,,,,,,,no_valid_method,2011,max
0,NY,175.26,207.88,254.67,766322.0,2716.5,228.5058050401789,23.0,97.95146504052583,PER_DIEM,9594.489503585355,estimated_allowed_amount_C,2011,max
0,NY,193.00104931794334,225.62003665241292,295.96823457544286,759259.0,3318.8759926695175,261.5783869177035,18.67641088103938,120.38843641138118,PER_DIEM_wage_adj,14493.37562157717,estimated_allowed_amount_C,2011,max
0,OH,155.45,169.77,181.73,494980.0,1519.0,178.37616699664633,98.0,97.922499330257,PER_DIEM,9588.815875084183,estimated_allowed_amount_C,2011,max
0,OH,170.0765801805921,182.8521739130435,193.4806629834254,295248.0,2275.6554307116107,195.49892945811823,96.63741248397594,121.72191296648509,PER_DIEM_wage_adj,14816.224096220572,estimated_allowed_amount_C,2011,max
0,OK,123.95,125.29,127.86,158076.0,372.0,132.5135109694071,22.65,35.236843432878636,PER_DIEM,1241.6351351132025,estimated_allowed_amount_C,2011,max
0,OK,142.5819533626225,155.70307785153892,160.67430025445293,152285.0,489.53809711804183,158.28359515186025,27.036160865157147,38.465216170882904,PER_DIEM_wage_adj,1479.5728550727517,estimated_allowed_amount_C,2011,max
0,OR,212.13,212.13,237.89,34056.0,1088.5,244.49927149400986,68.42,108.25273909194983,PER_DIEM,11718.655520909762,estimated_allowed_amount_C,2011,max
0,OR,184.84663645869642,190.54163298302345,211.51660185462163,32102.0,1085.3524778143385,222.80491667689316,59.620076681770655,99.62550694640112,PER_DIEM_wage_adj,9925.241634327418,estimated_allowed_amount_C,2011,max
0,PA,174.61,193.84,216.14,553858.0,2294.5,205.54358481776916,148.03,96.02068209121532,PER_DIEM,9219.971389262239,estimated_allowed_amount_C,2011,max
0,PA,195.89186636760712,214.16273584905662,242.66621743036836,562917.0,3162.2105843439913,230.6717545728214,129.17102966841188,110.06461597842357,PER_DIEM_wage_adj,12114.219690477854,estimated_allowed_amount_C,2011,max
0,RI,147.35,166.97,185.77,66552.0,1106.5,178.93198641663662,10.88,95.52527218800338,PER_DIEM,9125.077626592134,estimated_allowed_amount_B,2011,max
0,RI,136.76498039947734,154.66679111442974,172.61526974052643,62601.0,1032.7608736232967,165.29999255779384,8.4847539577322,86.65884258100496,PER_DIEM_wage_adj,7509.754997479398,estimated_allowed_amount_B,2011,max
0,SC,,,,,,,,,,,no_valid_method,2011,max
0,SD,109.61,125.53,141.7925,41884.0,1383.5,130.6148889790851,89.26,55.9605298490449,PER_DIEM,3131.5809009858453,estimated_allowed_amount_C,2011,max
0,SD,124.36475635243647,140.9559512652296,161.05904404873476,39693.0,1620.7825679475163,148.24845156872425,85.48170848496457,64.70000342606782,PER_DIEM_wage_adj,4186.090443333189,estimated_allowed_amount_C,2011,max
0,TN,132.23,162.73,162.74,25.0,623.57,184.85479999999998,131.23,120.11014171445588,PER_DIEM,14426.446142666673,estimated_allowed_amount_B,2011,max
0,TN,163.1462060456508,200.7772979642196,200.78963602714376,25.0,769.3645897594079,228.0750154225787,161.91239975323873,148.1926486298036,PER_DIEM_wage_adj,21961.061107916437,estimated_allowed_amount_B,2011,max
0,TX,75.29,97.57,120.0,2477247.0,709.0,99.48109027884583,6.35,33.77026221898594,PER_DIEM,1140.4306103390693,estimated_allowed_amount_B,2011,max
0,TX,84.75735673722251,107.92543333696719,135.5679513184584,2412913.0,908.2756853702281,112.95381232579949,6.440162271805273,39.45202328715366,PER_DIEM_wage_adj,1556.4621414501146,estimated_allowed_amount_B,2011,max
0,UT,152.8,162.08,172.43,40055.0,878.4,179.771750343278,46.34,77.20834671566091,PER_DIEM,5961.128802565707,estimated_allowed_amount_C,2011,max
0,UT,168.45796913780083,178.51774771649903,192.596589682711,40087.0,1162.519851773425,204.69831193189245,50.01079214331967,102.19771132635404,PER_DIEM_wage_adj,10444.372200344793,estimated_allowed_amount_C,2011,max
0,VA,143.27,152.03,165.33,226509.0,1129.25,160.8168816250127,29.39,48.528136228623325,PER_DIEM,2354.980005823824,estimated_allowed_amount_C,2011,max
0,VA,160.54238691646827,171.50764364786502,185.604514730264,223700.0,942.3032776431578,180.18287962548388,33.29557040897247,51.14063173914115,PER_DIEM_wage_adj,2615.3642146784514,estimated_allowed_amount_C,2011,max
0,VT,178.55,195.03,215.0,22394.0,703.0,204.14868223631328,42.87,57.96685869620167,PER_DIEM,3360.1567071054114,estimated_allowed_amount_C,2011,max
0,VT,185.69492232301116,207.00671960904094,224.1684912939214,23826.0,848.0635308491142,219.23610723413762,44.69815451986237,66.7557348946954,PER_DIEM_wage_adj,4456.328141330851,estimated_allowed_amount_C,2011,max
0,WA,157.48,171.87,185.61,128610.0,661.0,177.48172638208536,31.74,41.4353011560678,PER_DIEM,1716.8841818940339,estimated_allowed_amount_C,2011,max
0,WA,144.99101314918175,157.77690494893952,168.39332748024583,120400.0,571.9972308757356,162.2745442647318,27.466251298027,37.860813631903355,PER_DIEM_wage_adj,1433.441208869719,estimated_allowed_amount_C,2011,max
0,WI,144.03,152.52,162.0,162353.0,1994.5,167.06427956366682,73.16,85.08366001826947,PER_DIEM,7239.229202104467,estimated_allowed_amount_C,2011,max
0,WI,148.48276539330254,157.44611365120835,167.6464184628783,148438.0,2171.2388417156544,171.10122187431537,64.7777581016469,84.04314816458215,PER_DIEM_wage_adj,7063.250753413908,estimated_allowed_amount_C,2011,max
0,WV,192.35,207.74,262.65,81839.0,2310.0,249.73581923044026,38.5,165.33959056269384,PER_DIEM,27337.18020743924,estimated_allowed_amount_C,2011,max
0,WV,247.3909553117474,274.7865168539326,330.6824528091143,80162.0,3460.674157303371,323.6187403311234,51.511907947551514,213.91853764342991,PER_DIEM_wage_adj,45761.14074750354,estimated_allowed_amount_C,2011,max
0,WY,148.93,165.1,180.55,16880.0,1025.0,178.64566765402844,36.58,79.50939587748374,PER_DIEM,6321.7440328024295,estimated_allowed_amount_C,2011,max
0,WY,162.8148614609572,178.83997928534436,189.49412258606216,14260.0,1106.0753210316177,190.2367879565704,38.392107472712006,83.27989960148797,PER_DIEM_wage_adj,6935.541677633916,estimated_allowed_amount_C,2011,max
0,AK,443.93,524.06,712.43,6113.0,5471.5,627.5288319973827,353.0,431.60356728742545,PER_DIEM,186281.63929523117,estimated_allowed_amount_C,2012,max
0,AK,365.88642545124867,407.9557839016036,550.0529941706411,6012.0,4832.62674439145,485.98222757966545,274.79371010431265,302.9833747182426,PER_DIEM_wage_adj,91798.92535565501,estimated_allowed_amount_C,2012,max
0,AL,175.53,189.0,196.53,216628.0,917.0,208.9786868733497,59.87,105.37350967812034,PER_DIEM,11103.57654188492,estimated_allowed_amount_C,2012,max
0,AL,221.00550964187326,241.2933481426632,264.504132231405,198926.0,1286.1150070126228,266.4020423480532,82.46556473829202,131.30340943199974,PER_DIEM_wage_adj,17240.585328467358,estimated_allowed_amount_C,2012,max
0,AR,,,,,,,,,,,no_valid_method,2012,max
0,AZ,121.29,139.03,156.17,6003.0,810.0,151.10836248542395,2.83,72.11712182194049,PER_DIEM,5200.879259880605,estimated_allowed_amount_C,2012,max
0,AZ,123.35146159075458,147.69820800734192,170.79084523000228,6040.0,799.002945841831,156.68570895408402,2.2772994286633943,71.43300676970124,PER_DIEM_wage_adj,5102.674456160183,estimated_allowed_amount_C,2012,max
0,CA,163.71,183.43,202.17,543391.0,914.0,206.47327787909626,24.23,93.0496220696874,PER_DIEM,8658.232167311657,estimated_allowed_amount_C,2012,max
0,CA,128.2386809735671,142.6380640014183,157.78251599147123,526352.0,789.2296782200159,161.23783118904316,14.355966346723546,72.88372688290319,PER_DIEM_wage_adj,5312.037644341625,estimated_allowed_amount_C,2012,max
0,CO,172.71,187.57,201.38,132489.0,808.14,196.7129211481708,30.87,57.09751164234042,PER_DIEM,3260.1258357471997,estimated_allowed_amount_C,2012,max
0,CO,171.0250839423267,183.38499107729876,198.80717573025265,139212.0,759.0307128768667,193.10051476388074,33.8123415046492,55.34404748320325,PER_DIEM_wage_adj,3062.9635918230556,estimated_allowed_amount_C,2012,max
0,CT,215.97,234.73,245.39,190929.0,1911.0,265.3582757464817,123.29,178.0460615210689,PER_DIEM,31700.40002316425,estimated_allowed_amount_C,2012,max
0,CT,186.94392523364485,201.2202725572281,220.65420560747663,178239.0,2344.2100098135425,233.94650699092463,95.47003252284343,157.86831637468447,PER_DIEM_wage_adj,24922.405314977466,estimated_allowed_amount_C,2012,max
0,DC,230.57,242.5,289.35,35404.0,1019.0,277.4198206417353,38.0,103.28278274439984,PER_DIEM,10667.333211426898,estimated_allowed_amount_C,2012,max
0,DC,209.15147589525307,241.0935313744484,266.6020880421913,2403.0,701.7026001665588,257.8392570759253,40.899795501022496,86.68206339348848,PER_DIEM_wage_adj,7513.780114152756,estimated_allowed_amount_C,2012,max
0,DE,192.76,210.96,240.995,7719.0,1088.67,238.47004016064253,70.08,131.37932157460895,PER_DIEM,17260.52613740451,estimated_allowed_amount_C,2012,max
0,DE,190.3377255181888,210.0716520335049,236.65353592196584,7607.0,1335.2551521099117,235.08373478230743,65.72875633089477,127.68978923196228,PER_DIEM_wage_adj,16304.68227410295,estimated_allowed_amount_C,2012,max
0,FL,,,,,,,,,,,no_valid_method,2012,max
0,GA,,,,,,,,,,,no_valid_method,2012,max
0,HI,222.70999999999998,244.6,261.87,95.0,861.75,280.1523157894737,192.0,129.92253392787427,PER_DIEM,16879.864822239644,estimated_allowed_amount_C,2012,max
0,HI,214.37499999999997,228.4017857142857,233.81249999999997,62.0,769.4196428571428,266.4929435483871,171.42857142857142,133.1495445708003,PER_DIEM_wage_adj,17728.80121941153,estimated_allowed_amount_C,2012,max
0,IA,141.32,155.8,170.77,131754.0,1972.5,165.90264606767155,118.29,91.121971044202,PER_DIEM,8303.213606980387,estimated_allowed_amount_C,2012,max
0,IA,160.01392434439546,176.1545602227895,193.4091436528197,83632.0,2389.5477648898736,190.64467441001634,111.59433962264151,113.26921827881455,PER_DIEM_wage_adj,12829.915809493736,estimated_allowed_amount_C,2012,max
0,ID,,,,,,,,,,,no_valid_method,2012,max
0,IL,,,,,,,,,,,no_valid_method,2012,max
0,IN,146.97,158.06,166.8,183276.0,429.0,162.1344547021978,13.85,45.32938334324464,PER_DIEM,2054.752994278825,estimated_allowed_amount_C,2012,max
0,IN,161.09501138480647,173.72237165243834,188.67729248602777,169007.0,548.8038889599591,180.3030661956366,28.648312978679364,51.45719964912651,PER_DIEM_wage_adj,2647.843395730065,estimated_allowed_amount_C,2012,max
0,KS,137.86,151.71,164.88,134118.0,1012.0,157.12111386987576,24.39,42.82367607428602,PER_DIEM,1833.8672325153766,estimated_allowed_amount_C,2012,max
0,KS,160.3034448451685,178.4852630269867,196.11912420877866,130293.0,1258.549931600547,184.47315878598292,27.54998305659099,49.34163303132893,PER_DIEM_wage_adj,2434.59675019833,estimated_allowed_amount_C,2012,max
0,KY,160.83,171.63,188.43,147468.0,1441.25,187.11420796376166,34.6,76.40066969859392,PER_DIEM,5837.062330393646,estimated_allowed_amount_C,2012,max
0,KY,200.97752808988764,208.8314606741573,218.05750798722045,130092.0,1506.964856230032,226.76768314458945,44.21725239616614,89.06155311119099,PER_DIEM_wage_adj,7931.960242577493,estimated_allowed_amount_C,2012,max
0,LA,111.23,123.19,135.39,196285.0,910.0,131.93310421071402,58.71,71.7473527965936,PER_DIEM,5147.682633318867,estimated_allowed_amount_B,2012,max
0,LA,133.91313981830268,150.05409304002885,164.39537911765,157123.0,1207.0566388115135,161.4948107743752,65.04542432971417,89.8521363942683,PER_DIEM_wage_adj,8073.406414614195,estimated_allowed_amount_B,2012,max
0,MA,172.69,204.86,229.0,300923.0,1115.67,218.62701721038272,66.06,101.70755976158429,PER_DIEM,10344.42771265624,estimated_allowed_amount_C,2012,max
0,MA,149.33390631714653,174.6119536128457,206.96494031393925,289656.0,1309.9654598951006,190.63184632530795,47.314138375590886,87.60661226847,PER_DIEM_wage_adj,7674.918513158038,estimated_allowed_amount_C,2012,max
0,MD,219.58,232.13,247.23,175042.0,2369.5,264.5129217559214,152.87,179.97752334147174,PER_DIEM,32391.90890813,estimated_allowed_amount_C,2012,max
0,MD,219.94403185878807,234.7847502709093,252.1919022756379,163468.0,3028.115015974441,266.23835890372766,141.45461275099473,176.72233886411206,PER_DIEM_wage_adj,31230.78505360205,estimated_allowed_amount_C,2012,max
0,ME,,,,,,,,,,,no_valid_method,2012,max
0,MI,163.42,184.88,202.29,263892.0,1606.5,200.92417166871297,103.65,111.66984491828799,PER_DIEM,12470.15426407449,estimated_allowed_amount_C,2012,max
0,MI,180.5698664704027,203.85774562989752,234.35804701627487,267240.0,1936.7088607594937,225.8487748152566,93.0681512076861,124.10382969594266,PER_DIEM_wage_adj,15401.76054519954,estimated_allowed_amount_C,2012,max
0,MO,139.33,147.4,153.8,267882.0,2277.0,169.49774975548937,59.1,91.61086317664022,PER_DIEM,8392.550251969094,estimated_allowed_amount_C,2012,max
0,MO,160.64375340971085,170.72558647026733,187.04503392967302,270987.0,2967.5485468526,198.13026713517775,61.32613883988793,108.2375019496087,PER_DIEM_wage_adj,11715.356828291548,estimated_allowed_amount_C,2012,max
0,MS,174.68,186.32,202.0,151295.0,733.5,198.17741485177964,47.32,66.91950148488097,PER_DIEM,4478.219678984986,estimated_allowed_amount_C,2012,max
0,MS,222.07189282398193,240.5761316872428,256.9438917628333,151605.0,972.9407083167529,254.28997932394174,57.90504160548213,85.83233011228887,PER_DIEM_wage_adj,7367.188892504931,estimated_allowed_amount_C,2012,max
0,MT,161.13,162.56,163.19,34141.0,980.8,168.27865293928122,11.52,44.038513134752264,PER_DIEM,1939.3906391197477,estimated_allowed_amount_C,2012,max
0,MT,186.84852002321531,188.5084155542658,189.98258850841552,31427.0,1143.6567164179103,195.36714826552756,13.372025536854323,52.44720065153254,PER_DIEM_wage_adj,2750.7088561821156,estimated_allowed_amount_C,2012,max
0,MN,,,,,,,,,,,no_valid_method,2012,max
0,NC,,,,,,,,,,,no_valid_method,2012,max
0,ND,,,,,,,,,,,no_valid_method,2012,max
0,NE,,,,,,,,,,,no_valid_method,2012,max
0,NH,,,,,,,,,,,no_valid_method,2012,max
0,NJ,191.39,200.83,213.32,286182.0,2267.5,218.2566474131846,146.29,123.93306065749547,PER_DIEM,15359.403523934454,estimated_allowed_amount_C,2012,max
0,NJ,175.87881999646703,188.35894718247658,204.7931778082729,152764.0,2781.5260058881254,209.59032798800698,129.20862038509097,126.16495428100181,PER_DIEM_wage_adj,15917.595688727279,estimated_allowed_amount_C,2012,max
0,NM,150.0,175.975,221.5725,480.0,360.1,186.0725416666667,23.23,55.77473138962573,PER_DIEM,3110.8206615849012,estimated_allowed_amount_C,2012,max
0,NM,162.34512277539986,193.5908988510926,242.32683712660727,487.0,405.6093714800631,200.93356206237812,24.324607329842934,57.002638487433025,PER_DIEM_wage_adj,3249.3007945289805,estimated_allowed_amount_C,2012,max
0,NV,,,,,,,,,,,no_valid_method,2012,max
0,NY,170.67,195.43,249.5,735867.0,2649.0,213.10847897785877,18.45,88.51661788573028,PER_DIEM,7835.191641928385,estimated_allowed_amount_C,2012,max
0,NY,187.88653801441527,217.34543670264966,291.03287536800786,716386.0,3249.509322865554,245.8472427811151,14.859858247422679,109.03106034738776,PER_DIEM_wage_adj,11887.772120475713,estimated_allowed_amount_C,2012,max
0,OH,153.34,168.73,181.06,484470.0,1429.0,176.60406900324065,92.19,99.16385470481676,PER_DIEM,9833.470079918008,estimated_allowed_amount_C,2012,max
0,OH,174.16449869921954,188.7260932781568,198.76333106421603,480414.0,2121.7520415738677,196.77272505631834,92.245347208325,108.99824785947506,PER_DIEM_wage_adj,11880.618036435559,estimated_allowed_amount_C,2012,max
0,OK,126.14,128.94,137.18,159387.0,376.0,137.10177436051876,18.77,34.13258409451091,PER_DIEM,1165.0332969688593,estimated_allowed_amount_C,2012,max
0,OK,151.38795612267742,160.3848114169215,167.5203873598369,154521.0,493.43832020997377,166.08891294430674,24.63254593175853,40.113424616257596,PER_DIEM_wage_adj,1609.0868344441808,estimated_allowed_amount_C,2012,max
0,OR,212.13,212.13,247.9,34531.0,954.5,241.05497263328604,61.58,90.33327496637402,PER_DIEM,8160.100566150534,estimated_allowed_amount_C,2012,max
0,OR,185.20167627029858,188.99679258731288,216.43094115592808,33032.0,932.9488808523117,217.02800617759712,53.145766807629236,81.68613794918154,PER_DIEM_wage_adj,6672.6251330527175,estimated_allowed_amount_C,2012,max
0,PA,174.58,193.73,215.52,555184.0,2311.5,205.27482648995647,149.13,97.90766380097988,PER_DIEM,9585.910630965705,estimated_allowed_amount_C,2012,max
0,PA,195.51115241635688,212.46153846153848,239.75083631330025,563483.0,2874.285003730415,229.27494764681998,131.71701112877582,111.15275482378996,PER_DIEM_wage_adj,12354.934904917563,estimated_allowed_amount_C,2012,max
0,RI,149.0,168.03,187.4775,43158.0,1287.7,182.66127322860189,83.08,107.67380097026499,PER_DIEM,11593.647415384237,estimated_allowed_amount_B,2012,max
0,RI,139.28940689914464,156.71585675345426,175.25143340539523,40910.0,1210.3581163643198,170.02864414971614,64.71412992677986,98.91839151127978,PER_DIEM_wage_adj,9784.848179178827,estimated_allowed_amount_B,2012,max
0,SC,,,,,,,,,,,no_valid_method,2012,max
0,SD,108.81,124.58,141.2675,40890.0,1377.0,130.24837759843484,88.84,61.43021709018635,PER_DIEM,3773.6715717474235,estimated_allowed_amount_C,2012,max
0,SD,126.48312028843002,143.49397590361446,164.4375048538961,39928.0,1659.0361445783133,151.9469467998616,87.07242967754583,73.41774961907667,PER_DIEM_wage_adj,5390.165959129434,estimated_allowed_amount_C,2012,max
0,TN,,,,0.0,,,,,PER_DIEM,,estimated_allowed_amount_B,2012,max
0,TN,,,,0.0,,,,,PER_DIEM_wage_adj,,estimated_allowed_amount_B,2012,max
0,TX,76.56,102.0,125.8,2598420.0,689.0,102.73786937831451,6.74,35.123144141245646,PER_DIEM,1233.6352543667183,estimated_allowed_amount_B,2012,max
0,TX,86.03318250377073,110.10558069381598,140.53440887320394,2536525.0,868.4144189563903,115.18298651761738,6.77727501256913,40.443903175841015,PER_DIEM_wage_adj,1635.709304096803,estimated_allowed_amount_B,2012,max
0,UT,157.57,167.93,179.43,40108.0,991.5,186.67106786675976,73.46,80.82773461527322,PER_DIEM,6533.122683037036,estimated_allowed_amount_C,2012,max
0,UT,174.85115766262405,183.6006372809347,198.52363250132765,40820.0,1144.6023104501394,215.56497625311172,78.02442910249601,113.4739642100651,PER_DIEM_wage_adj,12876.340553547137,estimated_allowed_amount_C,2012,max
0,VA,145.1,155.5,169.61,236272.0,2123.5,164.79520903873504,30.68,51.769455920214085,PER_DIEM,2680.076566274989,estimated_allowed_amount_C,2012,max
0,VA,162.16341260294254,173.80069080209802,186.3502622489446,233845.0,1000.1663042087758,183.36195089096685,33.68187286018321,54.27080050664113,PER_DIEM_wage_adj,2945.319787631639,estimated_allowed_amount_C,2012,max
0,VT,186.0,202.0,225.5,22363.0,694.14,212.82580467736886,43.65,60.34506621743923,PER_DIEM,3641.527016787126,estimated_allowed_amount_C,2012,max
0,VT,189.689978370584,209.18735194149758,233.8036873004429,24960.0,851.4965652600588,225.19747260328023,52.889071995056135,70.64965515968464,PER_DIEM_wage_adj,4991.373774182354,estimated_allowed_amount_C,2012,max
0,WA,170.17,182.0,193.0,127896.0,661.0,188.65161678238567,32.94,43.81053388018903,PER_DIEM,1919.3628788671906,estimated_allowed_amount_C,2012,max
0,WA,155.36718200983836,165.69538962906165,175.06949103805235,120227.0,572.7406637206482,171.59201915097236,28.0388151174668,39.947284188964225,PER_DIEM_wage_adj,1595.7855140738711,estimated_allowed_amount_C,2012,max
0,WI,146.97,155.37,165.65,183874.0,2343.5,170.0450481307852,69.06,81.92503686620212,PER_DIEM,6711.711665528577,estimated_allowed_amount_C,2012,max
0,WI,154.22747020162635,165.25565333630388,175.1030411050462,171613.0,2117.5964742556166,178.92926876667622,61.47409649278975,84.39068984392794,PER_DIEM_wage_adj,7121.788532334042,estimated_allowed_amount_C,2012,max
0,WV,198.5,213.26,278.99,82140.0,2371.45,260.35267092768447,108.75,171.1223328042051,PER_DIEM,29282.852784353126,estimated_allowed_amount_C,2012,max
0,WV,258.3872148346956,284.94098494098495,352.3809523809524,80220.0,3521.0838901262064,339.20808581071276,146.29406865920237,223.40562624419965,PER_DIEM_wage_adj,49910.07383756303,estimated_allowed_amount_C,2012,max
0,WY,148.94,168.1,179.71,16943.0,1067.5,177.0830431446615,53.85,75.96382914492936,PER_DIEM,5770.50333836002,estimated_allowed_amount_C,2012,max
0,WY,158.17757009345794,170.68300879707422,191.50853387045478,14575.0,1162.7539503386004,187.3100938306181,57.0868228559313,80.18406297481503,PER_DIEM_wage_adj,6429.483955149102,estimated_allowed_amount_C,2012,max
0,AK,515.14,614.71,753.13,5850.0,5409.0,677.8013931623932,348.97,390.5005131689132,PER_DIEM,152490.65078518452,estimated_allowed_amount_C,2013,max
0,AK,399.57054735691423,490.926836886078,589.3964238307176,5229.0,4452.951346011361,546.1518595122988,272.4837979230109,314.63669802870214,PER_DIEM_wage_adj,98996.2517464047,estimated_allowed_amount_C,2013,max
0,AL,177.03,189.0,196.3,219473.0,834.5,203.9441137634242,62.77,83.3549723744025,PER_DIEM,6948.051419537403,estimated_allowed_amount_C,2013,max
0,AL,224.4222607597892,247.390166643713,267.42030613677855,202918.0,1171.8859710714787,266.00606296765125,88.14773206010393,110.83414558121464,PER_DIEM_wage_adj,12284.207826717882,estimated_allowed_amount_C,2013,max
0,AR,,,,,,,,,,,no_valid_method,2013,max
0,AZ,121.57749999999999,142.29,161.34,6050.0,823.75,153.97400661157025,17.73,71.86063713188055,PER_DIEM,5163.951168999811,estimated_allowed_amount_C,2013,max
0,AZ,123.69633761823914,149.03121122458717,170.05009801786102,6315.0,786.2460628042378,157.19276095289223,19.01748364260431,69.84435575705211,PER_DIEM_wage_adj,4878.2340311176595,estimated_allowed_amount_C,2013,max
0,CA,166.29,187.07,206.43,560160.0,1100.0,210.57871227863467,4.25,93.08615415359948,PER_DIEM,8665.032095107686,estimated_allowed_amount_C,2013,max
0,CA,128.69112503050516,143.74187629023626,160.86390628813146,542805.0,1062.9046284665185,162.88560713295664,3.457252094688034,73.07403139444261,PER_DIEM_wage_adj,5339.814064235984,estimated_allowed_amount_C,2013,max
0,CO,178.21,192.83,207.11,133241.0,830.33,201.73642039612432,36.84,57.24935306537334,PER_DIEM,3277.4884264037723,estimated_allowed_amount_C,2013,max
0,CO,177.98295454545456,191.06071392250587,204.96500851144316,140007.0,793.1321043079569,200.27509117198562,35.18960741236031,56.852941025979185,PER_DIEM_wage_adj,3232.2569033034674,estimated_allowed_amount_C,2013,max
0,CT,216.165,235.83,245.55,188883.0,1938.0,266.3975271993774,125.03,179.23403874474798,PER_DIEM,32124.840644753815,estimated_allowed_amount_C,2013,max
0,CT,183.43963553530753,197.25825742938633,216.36765111785812,175737.0,1783.0527187413745,228.6856770472902,94.93545937737282,154.55058940242066,PER_DIEM_wage_adj,23885.884684635617,estimated_allowed_amount_C,2013,max
0,DC,234.33,253.67,283.57,41182.0,1134.0,276.46367029284636,36.58,90.1165359707797,PER_DIEM,8120.99005537283,estimated_allowed_amount_C,2013,max
0,DC,212.055539919317,238.7177446856883,270.8603058448259,2928.0,1063.8896707008162,254.0973436220683,38.73721737498827,79.48276156276785,PER_DIEM_wage_adj,6317.509385643806,estimated_allowed_amount_C,2013,max
0,DE,416.8,453.63,491.13,20.0,1088.6,484.40650000000005,347.52,166.2864303187662,PER_DIEM,27651.17690815789,estimated_allowed_amount_C,2013,max
0,DE,356.838484443988,413.1943761675352,431.5227436081733,19.0,1018.6207541873304,461.2839272277756,341.6773178645168,182.70841388449298,PER_DIEM_wage_adj,33382.36450418719,estimated_allowed_amount_C,2013,max
0,FL,,,,,,,,,,,no_valid_method,2013,max
0,GA,,,,,,,,,,,no_valid_method,2013,max
0,HI,224.195,231.3,257.9,91.0,902.5,258.11824175824177,198.53,91.45115188623201,PER_DIEM,8363.313181318677,estimated_allowed_amount_C,2013,max
0,HI,212.32755406413128,232.17747949291572,240.79045488441463,64.0,841.2565249813572,251.11157718120805,185.05779269202088,98.7099348493778,PER_DIEM_wage_adj,9743.65123796841,estimated_allowed_amount_C,2013,max
0,IA,145.13,161.87,175.37,130355.0,1890.0,170.48472647769555,106.0,91.48918008601757,PER_DIEM,8370.270072811752,estimated_allowed_amount_C,2013,max
0,IA,167.83485856905156,184.2893066698599,200.45503532511077,128213.0,2433.7444240356863,196.4318303662806,118.26086956521739,106.14706218894648,PER_DIEM_wage_adj,11267.198811344071,estimated_allowed_amount_C,2013,max
0,ID,,,,,,,,,,,no_valid_method,2013,max
0,IL,,,,,,,,,,,no_valid_method,2013,max
0,IN,157.29,169.1,178.44,317237.0,579.56,171.19867572193658,8.49,45.339129925805366,PER_DIEM,2055.63670242906,estimated_allowed_amount_C,2013,max
0,IN,169.56474781293878,185.76494427558256,202.3961284230406,296346.0,599.0321057601511,189.32824937976034,19.939209726443767,51.13641331834498,PER_DIEM_wage_adj,2614.93276706461,estimated_allowed_amount_C,2013,max
0,KS,141.29,157.165,174.32,1842.0,600.0,167.44390879478826,39.0,56.58492436532922,PER_DIEM,3201.8536654300287,estimated_allowed_amount_C,2013,max
0,KS,162.88446031563186,180.95535825934726,197.93672627235213,1833.0,624.0898689411275,193.73629994991174,44.92569980417003,67.27545975850327,PER_DIEM_wage_adj,4525.987485717994,estimated_allowed_amount_C,2013,max
0,KY,164.87,176.7,194.35,142475.0,1962.33,192.1396142481137,45.32,79.29956144146882,PER_DIEM,6288.42044480929,estimated_allowed_amount_C,2013,max
0,KY,204.3331076506432,213.5711565316745,225.47924336676402,127755.0,2491.214929541704,232.99180448126913,47.66512410601599,95.29369322301064,PER_DIEM_wage_adj,9080.887968081264,estimated_allowed_amount_C,2013,max
0,LA,116.47,129.29,142.13,192601.0,937.5,138.38263311197764,60.48,74.36160532653749,PER_DIEM,5529.6483467397275,estimated_allowed_amount_B,2013,max
0,LA,141.43541876892027,158.29538820782255,173.7496760818865,180021.0,1243.8636062093672,170.31213356445718,67.7115987460815,92.63636914326605,PER_DIEM_wage_adj,8581.496888047455,estimated_allowed_amount_B,2013,max
0,MA,,,,,,,,,,,file_unavailable,2013,max
0,MD,224.87,237.67,254.0,190859.0,2139.0,270.5102552145825,138.0,172.1017285112915,PER_DIEM,29619.00495657429,estimated_allowed_amount_C,2013,max
0,MD,226.78836765018042,243.49209957940204,263.5064551098847,199226.0,2431.5107422985106,277.56726388155715,129.128848133246,176.8850534817521,PER_DIEM_wage_adj,31288.3221452423,estimated_allowed_amount_C,2013,max
0,ME,,,,,,,,,,,no_valid_method,2013,max
0,MI,169.71,189.61,205.52,259409.0,1375.5,202.37527633967983,88.74,94.83032469080258,PER_DIEM,8992.790480963042,estimated_allowed_amount_C,2013,max
0,MI,186.2167640395851,210.2533532041729,237.90389889114104,262689.0,1669.9040912953747,227.11598661980585,78.8309496313405,105.90326776505798,PER_DIEM_wage_adj,11215.502123317568,estimated_allowed_amount_C,2013,max
0,MO,143.53,151.45,158.42,283112.0,2378.5,173.96495711944388,57.58,91.10984587626716,PER_DIEM,8301.004015597155,estimated_allowed_amount_C,2013,max
0,MO,162.89808917197453,176.33167147730256,194.08291786932566,286709.0,2473.9962554607864,202.88662703965917,65.2277928021635,107.94533938442567,PER_DIEM_wage_adj,11652.196294818837,estimated_allowed_amount_C,2013,max
0,MS,176.32,187.81,203.16,160338.0,627.5,199.07461749554068,30.72,62.669229422990156,PER_DIEM,3927.4323164713755,estimated_allowed_amount_C,2013,max
0,MS,225.44943133178427,241.6213347485737,259.9310070319756,160579.0,832.5593737561363,255.52478226793772,40.75892264826854,80.59137269080023,PER_DIEM_wage_adj,6494.9693521874615,estimated_allowed_amount_C,2013,max
0,MT,162.4,164.13,165.71,30335.0,1284.25,170.32227954507994,37.68,43.901202263403256,PER_DIEM,1927.315560172243,estimated_allowed_amount_C,2013,max
0,MT,187.37209302325581,189.83720930232556,192.68604651162792,27980.0,1493.3139534883721,199.32196165344746,43.12693144099805,54.543091256509896,PER_DIEM_wage_adj,2974.948803815966,estimated_allowed_amount_C,2013,max
0,MN,,,,,,,,,,,no_valid_method,2013,max
0,NC,,,,,,,,,,,no_valid_method,2013,max
0,ND,,,,,,,,,,,no_valid_method,2013,max
0,NE,,,,,,,,,,,no_valid_method,2013,max
0,NH,,,,,,,,,,,no_valid_method,2013,max
0,NJ,196.03,204.97,215.5,281263.0,2336.0,222.636256173048,150.71,126.92619874147,PER_DIEM,16110.259926959143,estimated_allowed_amount_C,2013,max
0,NJ,179.7558585048561,188.97052684311598,200.06683215581438,138795.0,2571.554381329811,205.61780039419534,125.83284628872005,114.4371826420046,PER_DIEM_wage_adj,13095.86877103952,estimated_allowed_amount_C,2013,max
0,NM,143.8,171.875,233.55,1148.0,556.45,187.2345731707317,68.81,64.50745723664538,PER_DIEM,4161.212039137632,estimated_allowed_amount_C,2013,max
0,NM,157.46526184767475,184.08604572587,250.68138303863049,1171.0,626.7034575965762,203.14582100642744,77.49746593084807,68.86404321269778,PER_DIEM_wage_adj,4742.256447600306,estimated_allowed_amount_C,2013,max
0,NV,,,,,,,,,,,no_valid_method,2013,max
0,NY,,,,,,,,,,,file_unavailable,2013,max
0,OH,155.33,171.61,183.74,480119.0,1405.0,178.4451547012303,90.65,99.56298614315546,PER_DIEM,9912.788209742164,estimated_allowed_amount_C,2013,max
0,OH,176.94214876033058,191.7545836320803,200.99623644011513,478572.0,2047.2096750692117,198.75490638680043,92.85055823005224,109.05088260065673,PER_DIEM_wage_adj,11892.09499598222,estimated_allowed_amount_C,2013,max
0,OK,138.29,141.0,144.73,157579.0,413.0,147.82127199690314,25.81,35.73867798371739,PER_DIEM,1277.2531040238462,estimated_allowed_amount_C,2013,max
0,OK,166.9215086646279,176.1395748863497,182.22046580582716,154218.0,530.6437106514197,181.74094077649025,30.24971623155505,43.66290471812576,PER_DIEM_wage_adj,1906.4492484241287,estimated_allowed_amount_C,2013,max
0,OR,212.13,256.48,273.03,33379.0,1182.5,272.3998879535037,76.29,125.21133803245118,PER_DIEM,15677.879171876755,estimated_allowed_amount_C,2013,max
0,OR,191.6433282139308,223.29473684210527,259.234986721494,32202.0,1244.7368421052631,249.09014646843258,65.35594962734515,115.01648870940606,PER_DIEM_wage_adj,13228.792675040933,estimated_allowed_amount_C,2013,max
0,PA,177.32,197.32,219.11,551985.0,2326.0,208.77983544842704,150.06,101.49240906557858,PER_DIEM,10300.709097934738,estimated_allowed_amount_C,2013,max
0,PA,200.01193317422437,218.08969132207335,246.02020699852142,553359.0,2973.2839064297586,235.38123178598818,133.70756482224004,116.24701524596175,PER_DIEM_wage_adj,13513.368553594863,estimated_allowed_amount_C,2013,max
0,RI,203.67249999999999,213.1,215.2625,4.0,221.75,205.835,175.39,20.702219687753296,PER_DIEM,428.5819000000002,estimated_allowed_amount_B,2013,max
0,RI,190.3659220487896,199.17749322366575,201.198710159828,4.0,207.2623609683148,192.38713898495183,163.93120852416112,19.349677248110382,PER_DIEM_wage_adj,374.41000960604055,estimated_allowed_amount_B,2013,max
0,SC,,,,,,,,,,,no_valid_method,2013,max
0,SD,109.47,125.04,142.06,41195.0,1365.5,131.84251511105717,88.1,65.747877408983,PER_DIEM,4322.7833837866565,estimated_allowed_amount_C,2013,max
0,SD,131.51157065484983,149.47070408665684,171.13490891186606,39133.0,1680.822255046775,159.01673200411815,89.68746818690828,79.36742664772777,PER_DIEM_wage_adj,6299.188412682447,estimated_allowed_amount_C,2013,max
0,TN,,,,0.0,,,,,PER_DIEM,,estimated_allowed_amount_B,2013,max
0,TN,,,,0.0,,,,,PER_DIEM_wage_adj,,estimated_allowed_amount_B,2013,max
0,TX,79.13,102.0,128.67,2400982.0,779.0,104.7492607691353,7.74,36.22589103157041,PER_DIEM,1312.3151810312136,estimated_allowed_amount_B,2013,max
0,TX,86.17447981950365,113.83984867591425,145.5443463640185,2351906.0,799.3022778575826,117.61935833975741,7.274436090225564,41.644755488992715,PER_DIEM_wage_adj,1734.2856597379891,estimated_allowed_amount_B,2013,max
0,UT,160.8,170.42,182.11,40160.0,857.67,192.25840388446218,24.01,89.69707797272389,PER_DIEM,8045.565796844909,estimated_allowed_amount_C,2013,max
0,UT,181.8827508455468,192.70776305704587,213.7153593236261,46883.0,1131.0431227746274,231.7927179111103,26.586203078285905,129.1647889117069,PER_DIEM_wage_adj,16683.5426946058,estimated_allowed_amount_C,2013,max
0,VA,150.65,159.26,171.35,240973.0,1770.67,170.4714471330813,33.23,54.67104291693823,PER_DIEM,2988.9229336257013,estimated_allowed_amount_C,2013,max
0,VA,166.0568533633549,178.94222415291054,196.777950310559,240245.0,882.7539969056214,190.39241616108905,31.1755324139225,58.65613401938041,PER_DIEM_wage_adj,3440.5420580995155,estimated_allowed_amount_C,2013,max
0,VT,192.39,207.61,233.62,21925.0,693.0,217.8510558722919,44.71,57.794758635589496,PER_DIEM,3340.2341257460466,estimated_allowed_amount_C,2013,max
0,VT,192.87660668380462,206.13881748071978,233.67010103030907,21062.0,712.5964010282776,218.82656639186453,44.72341702510753,60.39502681636984,PER_DIEM_wage_adj,3647.559264150032,estimated_allowed_amount_C,2013,max
0,WA,171.81,183.0,194.0,126244.0,650.0,189.7956843889611,34.16,43.9460735642534,PER_DIEM,1931.2573817147716,estimated_allowed_amount_C,2013,max
0,WA,153.5569105691057,165.210143020093,177.5663892191835,119519.0,567.7675316319966,171.28427659625964,29.02047404638518,39.849759868296246,PER_DIEM_wage_adj,1588.0033615608743,estimated_allowed_amount_C,2013,max
0,WI,149.32,157.57,169.2,167158.0,2272.0,172.545507543761,65.45,79.62095082945946,PER_DIEM,6339.495810987201,estimated_allowed_amount_C,2013,max
0,WI,154.9390796495821,165.4755648975302,176.9962809013345,157150.0,2090.5265429434617,179.45125397427898,57.73641496118561,80.89270059106353,PER_DIEM_wage_adj,6543.629008915449,estimated_allowed_amount_C,2013,max
0,WV,199.58,214.75,287.87,82239.0,2489.0,267.5613607898929,155.56,179.946681188183,PER_DIEM,32380.80807064157,estimated_allowed_amount_C,2013,max
0,WV,260.23660067600196,289.9359061775536,367.60730889825925,80341.0,3626.6938656564184,349.0170055824567,150.6520311473872,234.36572779337968,PER_DIEM_wage_adj,54927.294364120535,estimated_allowed_amount_C,2013,max
0,WY,150.68,167.73,179.71,16743.0,1119.0,177.1031099563997,72.19,73.06785837745608,PER_DIEM,5338.911927867979,estimated_allowed_amount_C,2013,max
0,WY,165.338817925958,181.4029010608357,195.44273652305696,14716.0,1211.3011474345096,191.49324955980327,71.17223701074633,77.64603514438019,PER_DIEM_wage_adj,6028.906773642324,estimated_allowed_amount_C,2013,max
0,AK,,,,,,,,,,,file_unavailable,2014,max
0,AL,,,,,,,,,,,file_unavailable,2014,max
0,AR,,,,,,,,,,,no_valid_method,2014,max
0,AZ,,,,,,,,,,,file_unavailable,2014,max
0,CA,169.13,190.0,214.32,512142.0,2133.0,216.02020884832726,25.68,96.35261439378331,PER_DIEM,9283.8263005171,estimated_allowed_amount_C,2014,max
0,CA,127.48651042925023,144.65737514518003,161.59504452187377,496451.0,1105.8610636372775,163.9533433865419,15.063350539652744,76.00938282199625,PER_DIEM_wage_adj,5777.42627698078,estimated_allowed_amount_C,2014,max
0,CO,,,,,,,,,,,file_unavailable,2014,max
0,CT,,,,,,,,,,,file_unavailable,2014,max
0,DC,,,,,,,,,,,file_unavailable,2014,max
0,DE,,,,,,,,,,,file_unavailable,2014,max
0,FL,,,,,,,,,,,no_valid_method,2014,max
0,GA,,,,,,,,,,,no_valid_method,2014,max
0,HI,8.505,29.07,131.215,7.0,147.33,66.18428571428572,7.45,66.48989593844138,PER_DIEM,4420.906261904763,estimated_allowed_amount_C,2014,max
0,HI,50.72399664773256,74.37843374615886,98.03287084458515,2.0,121.68730794301145,74.37843374615886,27.069559549306266,66.9048515097915,PER_DIEM_wage_adj,4476.25915554725,estimated_allowed_amount_C,2014,max
0,IA,151.06,167.32,180.93,131615.0,2380.5,177.85995889526268,124.16,100.91223924411625,PER_DIEM,10183.280029261756,estimated_allowed_amount_C,2014,max
0,IA,174.4486601849656,190.99505695250377,204.3514346691961,130849.0,2567.5835902300214,204.1483346756063,125.9995940734727,115.31227931613871,PER_DIEM_wage_adj,13296.921761083193,estimated_allowed_amount_C,2014,max
0,ID,,,,,,,,,,,no_valid_method,2014,max
0,IL,,,,,,,,,,,no_valid_method,2014,max
0,IN,168.81,180.33,190.2,494534.0,892.4,194.11672576607472,17.87,65.72835430233143,PER_DIEM,4320.2165592928095,estimated_allowed_amount_C,2014,max
0,IN,181.5693645013509,197.3684210526316,215.16525474287081,482514.0,927.7575472806296,212.43147743454693,19.206792777300087,71.94530323867492,PER_DIEM_wage_adj,5176.126658104888,estimated_allowed_amount_C,2014,max
0,KS,,,,,,,,,,,file_unavailable,2014,max
0,KY,168.9,182.29,199.62,167141.0,1549.25,200.0532054971551,52.77,90.76381864523698,PER_DIEM,8238.07077506547,estimated_allowed_amount_C,2014,max
0,KY,210.2537810817739,220.28920018075013,233.35969272480796,158720.0,1692.2533401849948,242.8674233075681,55.7233368532207,110.42263836665026,PER_DIEM_wage_adj,12193.159063852023,estimated_allowed_amount_C,2014,max
0,LA,122.48,135.26,147.9,196532.0,1013.0,144.97994830358414,65.35,78.40732760864584,PER_DIEM,6147.709022729517,estimated_allowed_amount_B,2014,max
0,LA,151.87605906560154,169.21846435100548,185.2035857428838,177380.0,1346.1794019933557,182.43512395819295,74.66864716636196,100.39032038633832,PER_DIEM_wage_adj,10078.216427271655,estimated_allowed_amount_B,2014,max
0,MA,173.65,205.42,229.71,294818.0,1674.0,218.71058860042467,64.13,105.02482556937092,PER_DIEM,11030.213985876786,estimated_allowed_amount_C,2014,max
0,MA,148.48376099048986,174.34258851182605,199.65009869011303,277836.0,1439.9171270718232,185.56061983406065,47.10592037608344,86.48660906555214,PER_DIEM_wage_adj,7479.933547657645,estimated_allowed_amount_C,2014,max
0,MD,,,,,,,,,,,file_unavailable,2014,max
0,ME,,,,,,,,,,,no_valid_method,2014,max
0,MI,171.42,193.5,209.23,259521.0,1353.0,205.24236246777716,87.29,94.26920141370323,PER_DIEM,8886.682335177346,estimated_allowed_amount_C,2014,max
0,MI,187.9544170276888,217.92789866839885,245.2849218356026,263389.0,1636.0338573155987,231.74307848688235,77.67396333867238,106.37130500360361,PER_DIEM_wage_adj,11314.854528169666,estimated_allowed_amount_C,2014,max
0,MO,146.8,155.25,162.17,230222.0,2432.5,180.0563513478295,53.29,91.20126145722924,PER_DIEM,8317.670091389888,estimated_allowed_amount_C,2014,max
0,MO,168.101970865467,178.7914691943128,196.6152527849186,233943.0,3128.6173633440517,208.90958697931052,56.40944215094739,107.0506841782113,PER_DIEM_wage_adj,11459.84898302314,estimated_allowed_amount_C,2014,max
0,MS,175.97,190.27,204.94,161653.0,583.0,199.3938509647207,37.61,56.1394665701384,PER_DIEM,3151.639706779687,estimated_allowed_amount_C,2014,max
0,MS,225.8637588826268,244.4899577167019,261.62790697674416,161843.0,770.3488372093022,255.53399789278643,46.079392305807396,72.13457948590342,PER_DIEM_wage_adj,5203.397557608118,estimated_allowed_amount_C,2014,max
0,MT,,,,,,,,,,,file_unavailable,2014,max
0,MN,,,,,,,,,,,no_valid_method,2014,max
0,NC,,,,,,,,,,,no_valid_method,2014,max
0,ND,,,,,,,,,,,no_valid_method,2014,max
0,NE,,,,,,,,,,,no_valid_method,2014,max
0,NH,,,,,,,,,,,no_valid_method,2014,max
0,NJ,199.71,209.06,218.27,275642.0,2484.5,226.79492479375423,160.29,132.85539044812128,PER_DIEM,17650.554771122755,estimated_allowed_amount_C,2014,max
0,NJ,181.10578629747957,191.49659863945578,203.52178812922617,137968.0,2696.1475854584914,209.61981034584264,130.76358296622612,122.3585038308601,PER_DIEM_wage_adj,14971.603459726606,estimated_allowed_amount_C,2014,max
0,NM,,,,,,,,,,,file_unavailable,2014,max
0,NV,,,,,,,,,,,no_valid_method,2014,max
0,NY,,,,,,,,,,,file_unavailable,2014,max
0,OH,155.59,171.23,182.1,275431.0,1169.5,173.3369482374896,75.45,80.4070530886951,PER_DIEM,6465.294186408232,estimated_allowed_amount_C,2014,max
0,OH,179.13334129163187,191.04589917231,201.3727560718057,278107.0,1752.5850442080023,194.97893081110522,76.96623482607366,89.38104750674398,PER_DIEM_wage_adj,7988.971653402826,estimated_allowed_amount_C,2014,max
0,OK,140.47,142.88,146.14,155605.0,704.2,149.61722168310789,15.19,36.307919568374466,PER_DIEM,1318.2650233835493,estimated_allowed_amount_C,2014,max
0,OK,167.65401509178963,180.4257528556594,186.69522326064384,152124.0,864.5794966236956,185.17893582412344,18.649478207489256,45.162810848215784,PER_DIEM_wage_adj,2039.6794837117172,estimated_allowed_amount_C,2014,max
0,OR,257.0,257.55,310.61,31855.0,2570.0,300.93786281588444,82.9,133.08001830494248,PER_DIEM,17710.29127204383,estimated_allowed_amount_C,2014,max
0,OR,218.8934217236104,238.1098079211287,272.99417064122946,30779.0,2723.9003709591943,273.3056839535379,70.45724970253272,123.5871649813021,PER_DIEM_wage_adj,15273.787348115582,estimated_allowed_amount_C,2014,max
0,PA,180.84,200.4,222.9,557155.0,2378.0,212.50471892022864,153.42,102.67039439470912,PER_DIEM,10541.209885165117,estimated_allowed_amount_C,2014,max
0,PA,201.4946619217082,221.09871877592406,247.20047449584814,559582.0,2994.962216624685,237.46031968493904,136.15548455804046,116.50710926852177,PER_DIEM_wage_adj,13573.906510107274,estimated_allowed_amount_C,2014,max
0,RI,,,,,,,,,,,file_unavailable,2014,max
0,SC,,,,,,,,,,,no_valid_method,2014,max
0,SD,113.35249999999999,129.97,148.37,40930.0,1413.5,137.68403860249205,91.19,68.62652828499762,PER_DIEM,4709.600384451578,estimated_allowed_amount_C,2014,max
0,SD,136.75607918113457,156.71299093655588,178.5031847133758,40844.0,1731.3816756491915,165.85335483821294,95.30727424749163,79.86555524383766,PER_DIEM_wage_adj,6378.5069144064855,estimated_allowed_amount_C,2014,max
0,TN,,,,0.0,,,,,PER_DIEM,,estimated_allowed_amount_B,2014,max
0,TN,,,,0.0,,,,,PER_DIEM_wage_adj,,estimated_allowed_amount_B,2014,max
0,TX,82.71,108.25,136.0,3011091.0,832.0,110.43237300699316,8.52,37.64439566520639,PER_DIEM,1417.1005249986094,estimated_allowed_amount_B,2014,max
0,TX,91.30116959064328,121.0287443267776,154.74533535047908,2953225.0,868.8387635756056,124.49876652520678,8.593040847201209,43.57961598212449,PER_DIEM_wage_adj,1899.1829291494398,estimated_allowed_amount_B,2014,max
0,UT,162.33,173.27,185.54,39592.0,862.2,194.9424090725399,78.15,90.33959706419927,PER_DIEM,8161.242797721882,estimated_allowed_amount_C,2014,max
0,UT,180.13903743315507,190.37433155080214,206.41711229946523,43711.0,1133.7278106508877,227.782860164297,83.58288770053476,127.31865860248597,PER_DIEM_wage_adj,16210.040828336376,estimated_allowed_amount_C,2014,max
0,VA,,,,,,,,,,,file_unavailable,2014,max
0,VT,,,,,,,,,,,file_unavailable,2014,max
0,WA,176.83,191.88,202.13,125931.0,657.75,196.32375308700796,34.23,43.28778896521858,PER_DIEM,1873.8326734972995,estimated_allowed_amount_C,2014,max
0,WA,159.58475031322715,170.54605149472957,182.39154521435267,120802.0,575.6918068366793,176.16789183418038,29.174124264893887,39.209562016893976,PER_DIEM_wage_adj,1537.389753556655,estimated_allowed_amount_C,2014,max
0,WI,,,,,,,,,,,file_unavailable,2014,max
0,WV,205.06,222.36,302.61,83832.0,2526.0,282.69868319973284,13.86,200.59282786865973,PER_DIEM,40237.48259234575,estimated_allowed_amount_C,2014,max
0,WV,266.41211971917727,297.5428648575671,393.39813689752935,80757.0,3785.4038663269894,366.19380208251147,18.311533888228297,258.23240115204817,PER_DIEM_wage_adj,66683.97300475232,estimated_allowed_amount_C,2014,max
0,WY,155.13,171.47,180.84,16977.0,880.0,177.16372386169525,56.77,63.35387523053168,PER_DIEM,4013.7135067257755,estimated_allowed_amount_C,2014,max
0,WY,167.79995672400736,181.46705615060043,195.65076273937032,15292.0,952.0718381477875,191.8137390649927,58.025912372663434,68.72505453357199,PER_DIEM_wage_adj,4723.133120642445,estimated_allowed_amount_C,2014,max
0,AK,,,,,,,,,,,file_unavailable,2015,max
0,AL,,,,,,,,,,,file_unavailable,2015,max
0,AR,,,,,,,,,,,no_valid_method,2015,max
0,AZ,,,,,,,,,,,file_unavailable,2015,max
0,CA,174.29,200.88,226.38,209736.0,1112.0,224.1513979478964,26.87,97.03621049261794,PER_DIEM,9416.026146767657,estimated_allowed_amount_C,2015,max
0,CA,125.90494176896443,141.12684922883224,162.29469869659243,369987.0,1136.1288989878126,161.1513670074133,19.47513004851248,75.68681722175029,PER_DIEM_wage_adj,5728.494301158636,estimated_allowed_amount_C,2015,max
0,CO,,,,,,,,,,,file_unavailable,2015,max
0,CT,217.89,236.07,245.97,311555.0,1917.0,264.4845371764215,123.68,170.16030197253997,PER_DIEM,28954.52836738599,estimated_allowed_amount_C,2015,max
0,CT,186.0899483902679,203.49851605360192,216.27844230596273,546022.0,2340.087890625,229.02211796733556,93.06945594100384,148.33597510500468,PER_DIEM_wage_adj,22003.56151035257,estimated_allowed_amount_C,2015,max
0,DC,,,,,,,,,,,file_unavailable,2015,max
0,DE,,,,,,,,,,,file_unavailable,2015,max
0,FL,,,,,,,,,,,no_valid_method,2015,max
0,GA,,,,,,,,,,,no_valid_method,2015,max
0,HI,,,,,,,,,,,file_unavailable,2015,max
0,IA,154.8,170.68,186.57,154596.0,3864.0,181.8346887370954,124.65,100.57278106666786,PER_DIEM,10114.884291483904,estimated_allowed_amount_C,2015,max
0,IA,178.06645274816273,196.6631167909123,207.9842931937173,340884.0,5443.020143682209,207.89222145881027,126.1384335154827,116.15651989818785,PER_DIEM_wage_adj,13492.33711485811,estimated_allowed_amount_C,2015,max
0,ID,,,,,,,,,,,no_valid_method,2015,max
0,IL,,,,,,,,,,,no_valid_method,2015,max
0,IN,,,,,,,,,,,file_unavailable,2015,max
0,KS,,,,,,,,,,,file_unavailable,2015,max
0,KY,,,,,,,,,,,file_unavailable,2015,max
0,LA,124.32,137.58,150.29,208218.0,1049.5,147.15740473926365,67.71,80.11824130702615,PER_DIEM,6418.932590130871,estimated_allowed_amount_B,2015,max
0,LA,148.1464686543476,166.46246246246247,184.58858858858858,820816.0,1476.505346088914,180.34478208813402,71.63563267033432,101.42336943154243,PER_DIEM_wage_adj,10286.699866847135,estimated_allowed_amount_B,2015,max
0,MA,,,,,,,,,,,file_unavailable,2015,max
0,MD,,,,,,,,,,,file_unavailable,2015,max
0,ME,,,,,,,,,,,no_valid_method,2015,max
0,MI,176.89,199.39,214.61,158352.0,1350.0,211.02498010760834,87.1,96.00949164782432,PER_DIEM,9217.822486473648,estimated_allowed_amount_C,2015,max
0,MI,192.3036149687268,213.08173433690237,230.96575850736775,353357.0,1701.3232514177694,228.22052290728357,78.13060638679583,103.43049937724152,PER_DIEM_wage_adj,10697.868201425557,estimated_allowed_amount_C,2015,max
0,MO,148.06,156.33,162.87,168307.0,2443.0,180.12200722489263,54.9,89.39324422928593,PER_DIEM,7991.1521138367625,estimated_allowed_amount_C,2015,max
0,MO,165.00106769165063,169.9017723681401,181.72111894084986,1368362.0,2608.3707025411063,199.58345530012537,58.616271620755924,98.81281854545458,PER_DIEM_wage_adj,9763.973108896933,estimated_allowed_amount_C,2015,max
0,MS,180.39249999999998,194.77,212.87,109882.0,545.0,205.36907027538632,35.16,59.124399183824416,PER_DIEM,3495.694578848217,estimated_allowed_amount_C,2015,max
0,MS,222.62070713471041,241.08322324966974,270.3267477203647,262632.0,719.9471598414796,257.2502693268931,45.303440278314646,76.01520920076759,PER_DIEM_wage_adj,5778.31202983646,estimated_allowed_amount_C,2015,max
0,MT,,,,,,,,,,,file_unavailable,2015,max
0,MN,,,,,,,,,,,no_valid_method,2015,max
0,NC,,,,,,,,,,,no_valid_method,2015,max
0,ND,,,,,,,,,,,no_valid_method,2015,max
0,NE,,,,,,,,,,,no_valid_method,2015,max
0,NH,,,,,,,,,,,no_valid_method,2015,max
0,NJ,201.27,210.35,220.48,257434.0,2551.5,226.24475333483534,164.61,126.67571053614142,PER_DIEM,16046.73563983629,estimated_allowed_amount_C,2015,max
0,NJ,158.73646490613072,168.20083682008368,183.62859432030626,2005892.0,3114.6240234375,185.5234996595148,128.23089506894135,105.8167093113648,PER_DIEM_wage_adj,11197.175969485877,estimated_allowed_amount_C,2015,max
0,NM,,,,,,,,,,,file_unavailable,2015,max
0,NV,,,,,,,,,,,no_valid_method,2015,max
0,NY,,,,,,,,,,,file_unavailable,2015,max
0,OH,,,,,,,,,,,file_unavailable,2015,max
0,OK,,,,,,,,,,,file_unavailable,2015,max
0,OR,257.57,272.0,360.39,33034.0,3699.0,344.86798086819636,83.1,202.89571765778723,PER_DIEM,41166.67224386851,estimated_allowed_amount_C,2015,max
0,OR,215.8009383378016,227.88203753351206,308.31099195710453,134897.0,3099.0281501340482,297.5199912129754,69.62131367292224,179.3925937793095,PER_DIEM_wage_adj,32181.702702868348,estimated_allowed_amount_C,2015,max
0,PA,180.36,199.57,220.77,644751.0,2347.5,211.9257390992802,151.45,103.63816697331825,PER_DIEM,10740.869653589394,estimated_allowed_amount_C,2015,max
0,PA,199.9648711943794,222.56331542594015,245.68815835166106,1873652.0,3015.414258188825,236.37726473003755,134.82595922727677,117.69221929207075,PER_DIEM_wage_adj,13851.458481892869,estimated_allowed_amount_C,2015,max
0,RI,,,,,,,,,,,file_unavailable,2015,max
0,SC,,,,,,,,,,,no_valid_method,2015,max
0,SD,120.06,138.84,157.14,37325.0,1481.7,148.5221446751507,95.59,84.32404493897975,PER_DIEM,7110.544554871077,estimated_allowed_amount_C,2015,max
0,SD,143.6644788074313,165.7962666443587,187.3128069965257,69566.0,1782.6034648700672,178.18323200443967,106.3410835465569,104.7056729912682,PER_DIEM_wage_adj,10963.277956554391,estimated_allowed_amount_C,2015,max
0,TN,,,,0.0,,,,,PER_DIEM,,estimated_allowed_amount_B,2015,max
0,TN,,,,0.0,,,,,PER_DIEM_wage_adj,,estimated_allowed_amount_B,2015,max
0,TX,,,,,,,,,,,file_unavailable,2015,max
0,UT,167.77,178.39,190.71,37492.0,873.67,203.02612584017922,47.04,94.08856820892319,PER_DIEM,8852.658667605192,estimated_allowed_amount_C,2015,max
0,UT,182.40185243658564,193.21124092200822,212.47084952804,90049.0,1180.9543119762097,231.2276599404766,49.51057783391222,125.18092824688198,PER_DIEM_wage_adj,15670.264796751013,estimated_allowed_amount_C,2015,max
0,VA,,,,,,,,,,,file_unavailable,2015,max
0,VT,199.13,221.13,245.0,23579.0,1085.0,229.68993808049538,60.29,66.96822580636666,PER_DIEM,4484.743267652514,estimated_allowed_amount_C,2015,max
0,VT,206.24444224878965,231.8988138973444,259.473076519366,39554.0,955.2001953125,244.54071761742213,63.28330009446835,72.49200995804759,PER_DIEM_wage_adj,5255.09150775767,estimated_allowed_amount_C,2015,max
0,WA,,,,,,,,,,,file_unavailable,2015,max
0,WI,,,,,,,,,,,file_unavailable,2015,max
0,WV,210.68,231.35,322.03749999999997,54604.0,2624.5,294.58675097062485,88.41,205.93734615691852,PER_DIEM,42410.19054215449,estimated_allowed_amount_C,2015,max
0,WV,248.87246304184416,300.71487489689304,385.2318045862413,138014.0,4107.198748043818,365.01944811705016,173.7095068730174,262.1705890226156,PER_DIEM_wage_adj,68733.41774846522,estimated_allowed_amount_C,2015,max
0,WY,166.6,177.19,186.6,17681.0,987.0,187.28401900345006,63.68,69.00054589880666,PER_DIEM,4761.0753343333245,estimated_allowed_amount_C,2015,max
0,WY,170.33688515767946,189.5284751990202,201.09783661608006,16931.0,1334.1443633414435,200.50148500141012,58.637200736648246,78.9128552615073,PER_DIEM_wage_adj,6227.2387255236,estimated_allowed_amount_C,2015,max
